problem_name,backend,mean_ms,std_ms,workspace_bytes,workspace_mib,output_channels,output_height,output_width,max_abs_diff_vs_im2col
alexnet-conv1,im2col,80.75569433333334,30.84842804686107,4392300,4.188823699951172,96,55,55,0.0
alexnet-conv1,dietconv,15.59316666666666,7.3179094554793,29964,0.028575897216796875,96,55,55,4.57763671875e-05
stem-64,im2col,13.547041666666649,12.722367417027133,602112,0.57421875,64,32,32,0.0
stem-64,dietconv,1.7351803333333082,0.5151816449378677,5880,0.00560760498046875,64,32,32,2.6702880859375e-05
feature-32,im2col,23.400028000000002,5.153041353185775,3612672,3.4453125,64,56,56,0.0
feature-32,dietconv,44.593763666666746,5.798171422178478,22272,0.021240234375,64,56,56,5.340576171875e-05
feature-64,im2col,2.4092499999999184,1.6555636596790761,1806336,1.72265625,128,28,28,0.0
feature-64,dietconv,10.386110666666651,4.487100922510035,23040,0.02197265625,128,28,28,6.103515625e-05
